year,name
1880,yob1880.json
1881,yob1881.json
1882,yob1882.json
1883,yob1883.json
1884,yob1884.json
1885,yob1885.json
1886,yob1886.json
1887,yob1887.json
1888,yob1888.json
1889,yob1889.json
1890,yob1890.json
1891,yob1891.json
1892,yob1892.json
1893,yob1893.json
1894,yob1894.json
1895,yob1895.json
1896,yob1896.json
1897,yob1897.json
1898,yob1898.json
1899,yob1899.json
1900,yob1900.json
1901,yob1901.json
1902,yob1902.json
1903,yob1903.json
1904,yob1904.json
1905,yob1905.json
1906,yob1906.json
1907,yob1907.json
1908,yob1908.json
1909,yob1909.json
1910,yob1910.json
1911,yob1911.json
1912,yob1912.json
1913,yob1913.json
1914,yob1914.json
1915,yob1915.json
1916,yob1916.json
1917,yob1917.json
1918,yob1918.json
1919,yob1919.json
1920,yob1920.json
1921,yob1921.json
1922,yob1922.json
1923,yob1923.json
1924,yob1924.json
1925,yob1925.json
1926,yob1926.json
1927,yob1927.json
1928,yob1928.json
1929,yob1929.json
1930,yob1930.json
1931,yob1931.json
1932,yob1932.json
1933,yob1933.json
1934,yob1934.json
1935,yob1935.json
1936,yob1936.json
1937,yob1937.json
1938,yob1938.json
1939,yob1939.json
1940,yob1940.json
1941,yob1941.json
1942,yob1942.json
1943,yob1943.json
1944,yob1944.json
1945,yob1945.json
1946,yob1946.json
1947,yob1947.json
1948,yob1948.json
1949,yob1949.json
1950,yob1950.json
1951,yob1951.json
1952,yob1952.json
1953,yob1953.json
1954,yob1954.json
1955,yob1955.json
1956,yob1956.json
1957,yob1957.json
1958,yob1958.json
1959,yob1959.json
1960,yob1960.json
1961,yob1961.json
1962,yob1962.json
1963,yob1963.json
1964,yob1964.json
1965,yob1965.json
1966,yob1966.json
1967,yob1967.json
1968,yob1968.json
1969,yob1969.json
1970,yob1970.json
1971,yob1971.json
1972,yob1972.json
1973,yob1973.json
1974,yob1974.json
1975,yob1975.json
1976,yob1976.json
1977,yob1977.json
1978,yob1978.json
1979,yob1979.json
1980,yob1980.json
1981,yob1981.json
1982,yob1982.json
1983,yob1983.json
1984,yob1984.json
1985,yob1985.json
1986,yob1986.json
1987,yob1987.json
1988,yob1988.json
1989,yob1989.json
1990,yob1990.json
1991,yob1991.json
1992,yob1992.json
1993,yob1993.json
1994,yob1994.json
1995,yob1995.json
1996,yob1996.json
1997,yob1997.json
1998,yob1998.json
1999,yob1999.json
2000,yob2000.json
2001,yob2001.json
2002,yob2002.json
2003,yob2003.json
2004,yob2004.json
2005,yob2005.json
2006,yob2006.json
2007,yob2007.json
2008,yob2008.json
2009,yob2009.json
2010,yob2010.json
2011,yob2011.json
2012,yob2012.json
2013,yob2013.json
2014,yob2014.json
2015,yob2015.json
2016,yob2016.json
2017,yob2017.json
2018,yob2018.json
2019,yob2019.json
2020,yob2020.json
2021,yob2021.json
